Email,First Name,Last Name
user1@ex.com1,User 1,Last 1
user1@ex.com2,User 2,Last 2
user1@ex.com3,User 3,Last 3
user1@ex.com4,User 4,Last 4
user1@ex.com5,User 5,Last 5
user1@ex.com6,User 6,Last 6
user1@ex.com7,User 7,Last 7
user1@ex.com8,User 8,Last 8
user1@ex.com9,User 9,Last 9
user1@ex.com10,User 10,Last 10
user1@ex.com11,User 11,Last 11
user1@ex.com12,User 12,Last 12
user1@ex.com13,User 13,Last 13
user1@ex.com14,User 14,Last 14
user1@ex.com15,User 15,Last 15
user1@ex.com16,User 16,Last 16
user1@ex.com17,User 17,Last 17
user1@ex.com18,User 18,Last 18
user1@ex.com19,User 19,Last 19
user1@ex.com20,User 20,Last 20